"Recto";"Verso";"Tags"
"Qu’est-ce qu’une anaphore ?";"répétition d'un mot ou groupe de mots en début de segments successifs";"bac_francais procedes procedes_anaphore"
"Comment reconnaître une anaphore dans un texte ?";"on voit le même mot au début de plusieurs phrases, vers ou groupes";"bac_francais procedes procedes_anaphore"
"Quel effet principal produit une anaphore ?";"insister sur une idée";"bac_francais procedes procedes_anaphore"
"Quel autre effet peut produire une anaphore ?";"donner un rythme martelé";"bac_francais procedes procedes_anaphore"
"Dans un commentaire, à quoi sert une anaphore ?";"mettre en valeur une émotion ou une idée importante";"bac_francais procedes procedes_anaphore"
"Quelle erreur fréquente faut-il éviter avec une anaphore ?";"la confondre avec une répétition simple";"bac_francais procedes procedes_anaphore"
"À quel procédé ne faut-il pas la confondre ?";"la répétition";"bac_francais procedes procedes_anaphore"
"Mini-situation : plusieurs vers commencent par le même mot. Quel procédé faut-il repérer ?";"anaphore";"bac_francais procedes procedes_anaphore"
"Complète la phrase d’analyse liée à une anaphore.";"L'anaphore de ... permet d'insister sur ... et crée un effet de ...";"bac_francais procedes procedes_anaphore"
"Qu’est-ce qu’une comparaison ?";"rapprochement de deux éléments grâce à un outil de comparaison";"bac_francais procedes procedes_comparaison"
"Comment reconnaître une comparaison dans un texte ?";"on repère comme, tel, pareil à, semblable à ou un équivalent";"bac_francais procedes procedes_comparaison"
"Quel effet principal produit une comparaison ?";"rendre une idée plus claire";"bac_francais procedes procedes_comparaison"
"Quel autre effet peut produire une comparaison ?";"rendre une image plus concrète";"bac_francais procedes procedes_comparaison"
"Dans un commentaire, à quoi sert une comparaison ?";"aider le lecteur à imaginer ou comprendre";"bac_francais procedes procedes_comparaison"
"Quelle erreur fréquente faut-il éviter avec une comparaison ?";"la confondre avec une métaphore";"bac_francais procedes procedes_comparaison"
"À quel procédé ne faut-il pas la confondre ?";"la métaphore";"bac_francais procedes procedes_comparaison"
"Mini-situation : il est courageux comme un lion. Quel procédé faut-il repérer ?";"comparaison";"bac_francais procedes procedes_comparaison"
"Complète la phrase d’analyse liée à une comparaison.";"La comparaison rend [idée] plus concrète et plus facile à imaginer.";"bac_francais procedes procedes_comparaison"
"Qu’est-ce qu’une métaphore ?";"image qui rapproche deux éléments sans outil de comparaison";"bac_francais procedes procedes_metaphore"
"Comment reconnaître une métaphore dans un texte ?";"le rapprochement est direct, sans comme ni tel";"bac_francais procedes procedes_metaphore"
"Quel effet principal produit une métaphore ?";"frapper l'imagination";"bac_francais procedes procedes_metaphore"
"Quel autre effet peut produire une métaphore ?";"donner une force poétique à une idée";"bac_francais procedes procedes_metaphore"
"Dans un commentaire, à quoi sert une métaphore ?";"faire voir un élément sous un autre angle";"bac_francais procedes procedes_metaphore"
"Quelle erreur fréquente faut-il éviter avec une métaphore ?";"chercher un outil comparatif qui n’existe pas";"bac_francais procedes procedes_metaphore"
"À quel procédé ne faut-il pas la confondre ?";"la comparaison";"bac_francais procedes procedes_metaphore"
"Mini-situation : cet homme est un lion. Quel procédé faut-il repérer ?";"métaphore";"bac_francais procedes procedes_metaphore"
"Complète la phrase d’analyse liée à une métaphore.";"La métaphore donne à [idée] une image plus forte et plus frappante.";"bac_francais procedes procedes_metaphore"
"Qu’est-ce qu’une hyperbole ?";"exagération volontaire pour donner plus de force";"bac_francais procedes procedes_hyperbole"
"Comment reconnaître une hyperbole dans un texte ?";"mots très forts, superlatifs, intensifs";"bac_francais procedes procedes_hyperbole"
"Quel effet principal produit une hyperbole ?";"dramatiser";"bac_francais procedes procedes_hyperbole"
"Quel autre effet peut produire une hyperbole ?";"impressionner le lecteur";"bac_francais procedes procedes_hyperbole"
"Dans un commentaire, à quoi sert une hyperbole ?";"mettre en relief une émotion ou une situation";"bac_francais procedes procedes_hyperbole"
"Quelle erreur fréquente faut-il éviter avec une hyperbole ?";"la prendre au pied de la lettre";"bac_francais procedes procedes_hyperbole"
"À quel procédé ne faut-il pas la confondre ?";"la litote";"bac_francais procedes procedes_hyperbole"
"Mini-situation : je meurs de faim. Quel procédé faut-il repérer ?";"hyperbole";"bac_francais procedes procedes_hyperbole"
"Complète la phrase d’analyse liée à une hyperbole.";"L'hyperbole accentue [idée] et donne au passage plus d'intensité.";"bac_francais procedes procedes_hyperbole"
"Qu’est-ce qu’une personnification ?";"attribution de traits humains à un animal, un objet ou une idée";"bac_francais procedes procedes_personnification"
"Comment reconnaître une personnification dans un texte ?";"un élément non humain agit, parle ou ressent comme une personne";"bac_francais procedes procedes_personnification"
"Quel effet principal produit une personnification ?";"animer la scène";"bac_francais procedes procedes_personnification"
"Quel autre effet peut produire une personnification ?";"rendre l’image plus vivante";"bac_francais procedes procedes_personnification"
"Dans un commentaire, à quoi sert une personnification ?";"faire sentir une présence ou une émotion";"bac_francais procedes procedes_personnification"
"Quelle erreur fréquente faut-il éviter avec une personnification ?";"la confondre avec une simple image";"bac_francais procedes procedes_personnification"
"À quel procédé ne faut-il pas la confondre ?";"la métaphore";"bac_francais procedes procedes_personnification"
"Mini-situation : le vent hurle. Quel procédé faut-il repérer ?";"personnification";"bac_francais procedes procedes_personnification"
"Complète la phrase d’analyse liée à une personnification.";"La personnification donne vie à [élément] et renforce l’impression de [effet].";"bac_francais procedes procedes_personnification"
"Qu’est-ce qu’une antithèse ?";"opposition nette entre deux idées ou deux termes";"bac_francais procedes procedes_antithese"
"Comment reconnaître une antithèse dans un texte ?";"on repère deux éléments contraires dans le texte";"bac_francais procedes procedes_antithese"
"Quel effet principal produit une antithèse ?";"faire ressortir une tension";"bac_francais procedes procedes_antithese"
"Quel autre effet peut produire une antithèse ?";"mettre en valeur un contraste";"bac_francais procedes procedes_antithese"
"Dans un commentaire, à quoi sert une antithèse ?";"montrer un conflit ou une opposition d’idées";"bac_francais procedes procedes_antithese"
"Quelle erreur fréquente faut-il éviter avec une antithèse ?";"la réduire à un simple contraste sans interprétation";"bac_francais procedes procedes_antithese"
"À quel procédé ne faut-il pas la confondre ?";"l’oxymore";"bac_francais procedes procedes_antithese"
"Mini-situation : ombre et lumière. Quel procédé faut-il repérer ?";"antithèse";"bac_francais procedes procedes_antithese"
"Complète la phrase d’analyse liée à une antithèse.";"L'antithèse souligne l'opposition entre [idée 1] et [idée 2].";"bac_francais procedes procedes_antithese"
"Qu’est-ce qu’un oxymore ?";"association de deux termes opposés dans le même groupe";"bac_francais procedes procedes_oxymore"
"Comment reconnaître un oxymore dans un texte ?";"deux mots contraires sont placés côte à côte";"bac_francais procedes procedes_oxymore"
"Quel effet principal produit un oxymore ?";"créer un choc";"bac_francais procedes procedes_oxymore"
"Quel autre effet peut produire un oxymore ?";"montrer une idée complexe";"bac_francais procedes procedes_oxymore"
"Dans un commentaire, à quoi sert un oxymore ?";"faire sentir une tension ou un paradoxe";"bac_francais procedes procedes_oxymore"
"Quelle erreur fréquente faut-il éviter avec un oxymore ?";"le confondre avec l’antithèse";"bac_francais procedes procedes_oxymore"
"À quel procédé ne faut-il pas le confondre ?";"l’antithèse";"bac_francais procedes procedes_oxymore"
"Mini-situation : silence assourdissant. Quel procédé faut-il repérer ?";"oxymore";"bac_francais procedes procedes_oxymore"
"Complète la phrase d’analyse liée à un oxymore.";"L’oxymore rapproche deux contraires pour rendre l’idée plus forte.";"bac_francais procedes procedes_oxymore"
"Qu’est-ce qu’une gradation ?";"succession de termes qui monte ou descend en intensité";"bac_francais procedes procedes_gradation"
"Comment reconnaître une gradation dans un texte ?";"on voit une progression dans la force des mots";"bac_francais procedes procedes_gradation"
"Quel effet principal produit une gradation ?";"faire monter la tension";"bac_francais procedes procedes_gradation"
"Quel autre effet peut produire une gradation ?";"donner un effet de crescendo";"bac_francais procedes procedes_gradation"
"Dans un commentaire, à quoi sert une gradation ?";"accentuer une émotion ou une action";"bac_francais procedes procedes_gradation"
"Quelle erreur fréquente faut-il éviter avec une gradation ?";"la confondre avec une simple liste";"bac_francais procedes procedes_gradation"
"À quel procédé ne faut-il pas la confondre ?";"l’énumération";"bac_francais procedes procedes_gradation"
"Mini-situation : je tremble, je frissonne, je m’effondre. Quel procédé faut-il repérer ?";"gradation";"bac_francais procedes procedes_gradation"
"Complète la phrase d’analyse liée à une gradation.";"La gradation fait progresser l’intensité de [idée] jusqu’au maximum.";"bac_francais procedes procedes_gradation"
"Qu’est-ce qu’une litote ?";"façon d’atténuer une idée pour en suggérer une plus forte";"bac_francais procedes procedes_litote"
"Comment reconnaître une litote dans un texte ?";"on dit moins que ce que l’on pense vraiment";"bac_francais procedes procedes_litote"
"Quel effet principal produit une litote ?";"suggérer avec finesse";"bac_francais procedes procedes_litote"
"Quel autre effet peut produire une litote ?";"renforcer une émotion en la calmant";"bac_francais procedes procedes_litote"
"Dans un commentaire, à quoi sert une litote ?";"faire comprendre plus qu’on ne dit";"bac_francais procedes procedes_litote"
"Quelle erreur fréquente faut-il éviter avec une litote ?";"la prendre pour une faiblesse d’expression";"bac_francais procedes procedes_litote"
"À quel procédé ne faut-il pas la confondre ?";"l’hyperbole";"bac_francais procedes procedes_litote"
"Mini-situation : ce n’est pas mauvais. Quel procédé faut-il repérer ?";"litote";"bac_francais procedes procedes_litote"
"Complète la phrase d’analyse liée à une litote.";"La litote dit moins pour suggérer davantage.";"bac_francais procedes procedes_litote"
"Qu’est-ce que l’ironie ?";"façon de dire le contraire de ce que l’on pense pour critiquer";"bac_francais procedes procedes_ironie"
"Comment reconnaître l'ironie dans un texte ?";"il y a un décalage entre les mots et l’intention";"bac_francais procedes procedes_ironie"
"Quel effet principal produit l'ironie ?";"créer une distance critique";"bac_francais procedes procedes_ironie"
"Quel autre effet peut produire l'ironie ?";"faire sourire ou dénoncer";"bac_francais procedes procedes_ironie"
"Dans un commentaire, à quoi sert l'ironie ?";"montrer un jugement sans l’annoncer directement";"bac_francais procedes procedes_ironie"
"Quelle erreur fréquente faut-il éviter avec l'ironie ?";"la lire au premier degré";"bac_francais procedes procedes_ironie"
"À quel procédé ne faut-il pas la confondre ?";"un compliment sincère";"bac_francais procedes procedes_ironie"
"Mini-situation : quel génie, vraiment !. Quel procédé faut-il repérer ?";"ironie";"bac_francais procedes procedes_ironie"
"Complète la phrase d’analyse liée à l'ironie.";"L’ironie permet une critique indirecte mais efficace.";"bac_francais procedes procedes_ironie"
"Qu’est-ce qu’une énumération ?";"succession d’éléments présentés les uns après les autres";"bac_francais procedes procedes_enumeration"
"Comment reconnaître une énumération dans un texte ?";"plusieurs mots ou groupes sont alignés ou séparés par des virgules";"bac_francais procedes procedes_enumeration"
"Quel effet principal produit une énumération ?";"donner des détails";"bac_francais procedes procedes_enumeration"
"Quel autre effet peut produire une énumération ?";"insister par accumulation";"bac_francais procedes procedes_enumeration"
"Dans un commentaire, à quoi sert une énumération ?";"faire sentir la richesse ou la diversité d’un ensemble";"bac_francais procedes procedes_enumeration"
"Quelle erreur fréquente faut-il éviter avec une énumération ?";"la confondre avec l’accumulation";"bac_francais procedes procedes_enumeration"
"À quel procédé ne faut-il pas la confondre ?";"l’accumulation";"bac_francais procedes procedes_enumeration"
"Mini-situation : livres, cahiers, stylos. Quel procédé faut-il repérer ?";"énumération";"bac_francais procedes procedes_enumeration"
"Complète la phrase d’analyse liée à une énumération.";"L’énumération donne plus de précision et de richesse au passage.";"bac_francais procedes procedes_enumeration"
"Qu’est-ce qu’un champ lexical ?";"ensemble de mots liés à la même idée ou au même thème";"bac_francais procedes procedes_champ_lexical"
"Comment reconnaître un champ lexical dans un texte ?";"plusieurs mots appartiennent au même univers de sens";"bac_francais procedes procedes_champ_lexical"
"Quel effet principal produit un champ lexical ?";"installer une atmosphère";"bac_francais procedes procedes_champ_lexical"
"Quel autre effet peut produire un champ lexical ?";"orienter la lecture vers une idée centrale";"bac_francais procedes procedes_champ_lexical"
"Dans un commentaire, à quoi sert un champ lexical ?";"montrer qu’un thème domine le passage";"bac_francais procedes procedes_champ_lexical"
"Quelle erreur fréquente faut-il éviter avec un champ lexical ?";"le confondre avec le thème lui-même";"bac_francais procedes procedes_champ_lexical"
"À quel procédé ne faut-il pas le confondre ?";"le thème";"bac_francais procedes procedes_champ_lexical"
"Mini-situation : des mots de peur dans un passage. Quel procédé faut-il repérer ?";"champ lexical";"bac_francais procedes procedes_champ_lexical"
"Complète la phrase d’analyse liée à un champ lexical.";"Le champ lexical de [thème] installe une atmosphère de [effet].";"bac_francais procedes procedes_champ_lexical"
"Qu’est-ce qu’une allitération ?";"répétition de consonnes ou de sons consonantiques";"bac_francais procedes procedes_alliteration"
"Comment reconnaître une allitération dans un texte ?";"on entend plusieurs fois les mêmes consonnes";"bac_francais procedes procedes_alliteration"
"Quel effet principal produit une allitération ?";"donner une musicalité";"bac_francais procedes procedes_alliteration"
"Quel autre effet peut produire une allitération ?";"souligner une ambiance";"bac_francais procedes procedes_alliteration"
"Dans un commentaire, à quoi sert une allitération ?";"marquer un passage par un effet sonore";"bac_francais procedes procedes_alliteration"
"Quelle erreur fréquente faut-il éviter avec une allitération ?";"la confondre avec l’assonance";"bac_francais procedes procedes_alliteration"
"À quel procédé ne faut-il pas la confondre ?";"l’assonance";"bac_francais procedes procedes_alliteration"
"Mini-situation : pour qui sont ces serpents qui sifflent. Quel procédé faut-il repérer ?";"allitération";"bac_francais procedes procedes_alliteration"
"Complète la phrase d’analyse liée à une allitération.";"L'allitération donne au passage une sonorité marquée et renforce [effet].";"bac_francais procedes procedes_alliteration"
"Qu’est-ce qu’une assonance ?";"répétition de sons vocaliques";"bac_francais procedes procedes_assonance"
"Comment reconnaître une assonance dans un texte ?";"on entend revenir les mêmes voyelles";"bac_francais procedes procedes_assonance"
"Quel effet principal produit une assonance ?";"donner une musicalité";"bac_francais procedes procedes_assonance"
"Quel autre effet peut produire une assonance ?";"créer une ambiance douce ou tendue";"bac_francais procedes procedes_assonance"
"Dans un commentaire, à quoi sert une assonance ?";"faire sentir une couleur sonore";"bac_francais procedes procedes_assonance"
"Quelle erreur fréquente faut-il éviter avec une assonance ?";"la confondre avec l’allitération";"bac_francais procedes procedes_assonance"
"À quel procédé ne faut-il pas la confondre ?";"l’allitération";"bac_francais procedes procedes_assonance"
"Mini-situation : les sanglots longs des violons. Quel procédé faut-il repérer ?";"assonance";"bac_francais procedes procedes_assonance"
"Complète la phrase d’analyse liée à une assonance.";"L'assonance donne une musicalité qui renforce [effet].";"bac_francais procedes procedes_assonance"
"Qu’est-ce qu’une question rhétorique ?";"question posée sans attendre de réponse";"bac_francais procedes procedes_question_rhetorique"
"Comment reconnaître une question rhétorique dans un texte ?";"la question sert à convaincre ou à affirmer une évidence";"bac_francais procedes procedes_question_rhetorique"
"Quel effet principal produit une question rhétorique ?";"impliquer le lecteur";"bac_francais procedes procedes_question_rhetorique"
"Quel autre effet peut produire une question rhétorique ?";"souligner l’évidence ou la révolte";"bac_francais procedes procedes_question_rhetorique"
"Dans un commentaire, à quoi sert une question rhétorique ?";"faire réfléchir ou faire adhérer le lecteur";"bac_francais procedes procedes_question_rhetorique"
"Quelle erreur fréquente faut-il éviter avec une question rhétorique ?";"chercher une réponse réelle";"bac_francais procedes procedes_question_rhetorique"
"À quel procédé ne faut-il pas la confondre ?";"une vraie question d’information";"bac_francais procedes procedes_question_rhetorique"
"Mini-situation : qui pourrait accepter cela ?. Quel procédé faut-il repérer ?";"question rhétorique";"bac_francais procedes procedes_question_rhetorique"
"Complète la phrase d’analyse liée à une question rhétorique.";"La question rhétorique pousse le lecteur à partager le point de vue du texte.";"bac_francais procedes procedes_question_rhetorique"
"Qu’est-ce qu’une accumulation ?";"série de mots ou de groupes ajoutés les uns aux autres";"bac_francais procedes procedes_accumulation"
"Comment reconnaître une accumulation dans un texte ?";"la phrase enchaîne beaucoup d’éléments";"bac_francais procedes procedes_accumulation"
"Quel effet principal produit une accumulation ?";"donner une impression d’abondance";"bac_francais procedes procedes_accumulation"
"Quel autre effet peut produire une accumulation ?";"faire sentir le débordement";"bac_francais procedes procedes_accumulation"
"Dans un commentaire, à quoi sert une accumulation ?";"montrer qu’une idée ou une sensation prend de l’ampleur";"bac_francais procedes procedes_accumulation"
"Quelle erreur fréquente faut-il éviter avec une accumulation ?";"la confondre avec l’énumération simple";"bac_francais procedes procedes_accumulation"
"À quel procédé ne faut-il pas la confondre ?";"l’énumération";"bac_francais procedes procedes_accumulation"
"Mini-situation : des cris, des pleurs, des gestes, des regards. Quel procédé faut-il repérer ?";"accumulation";"bac_francais procedes procedes_accumulation"
"Complète la phrase d’analyse liée à une accumulation.";"L’accumulation donne l’impression d’un trop-plein ou d’un débordement.";"bac_francais procedes procedes_accumulation"
"Qu’est-ce qu’une répétition ?";"retour d’un mot, d’une idée ou d’une expression dans le texte";"bac_francais procedes procedes_repetition"
"Comment reconnaître une répétition dans un texte ?";"un même terme revient plusieurs fois";"bac_francais procedes procedes_repetition"
"Quel effet principal produit une répétition ?";"insister sur une idée";"bac_francais procedes procedes_repetition"
"Quel autre effet peut produire une répétition ?";"donner de la cohérence au passage";"bac_francais procedes procedes_repetition"
"Dans un commentaire, à quoi sert une répétition ?";"faire comprendre qu’une idée est centrale";"bac_francais procedes procedes_repetition"
"Quelle erreur fréquente faut-il éviter avec une répétition ?";"la confondre avec l’anaphore";"bac_francais procedes procedes_repetition"
"À quel procédé ne faut-il pas la confondre ?";"l’anaphore";"bac_francais procedes procedes_repetition"
"Mini-situation : un mot revient plusieurs fois sans être en début de phrase. Quel procédé faut-il repérer ?";"répétition";"bac_francais procedes procedes_repetition"
"Complète la phrase d’analyse liée à une répétition.";"La répétition met en relief une idée que le texte veut faire retenir.";"bac_francais procedes procedes_repetition"
"À quoi sert le commentaire de texte ?";"expliquer comment un texte produit du sens";"bac_francais methodologie method_commentaire"
"Que faire en premier pour le commentaire de texte ?";"lire pour comprendre le sens général";"bac_francais methodologie method_commentaire"
"Quelle erreur fréquente éviter avec le commentaire de texte ?";"raconter le texte au lieu de l’analyser";"bac_francais methodologie method_commentaire"
"Mini-situation : lire pour comprendre le sens général. Que faut-il faire ?";"lire pour comprendre le sens général";"bac_francais methodologie method_commentaire"
"Phrase utile à retenir pour le commentaire de texte.";"procédé -> effet -> interprétation";"bac_francais methodologie method_commentaire"
"Que vérifier à la fin ?";"chaque citation sert une idée d’axe";"bac_francais methodologie method_commentaire"
"Complète la formule liée au commentaire de texte.";"Le commentaire sert à montrer comment le texte produit du sens.";"bac_francais methodologie method_commentaire"
"À quoi sert l'introduction du commentaire ?";"présenter le texte sans biographie longue";"bac_francais methodologie method_introduction_commentaire"
"Que faire en premier pour l'introduction du commentaire ?";"aller du contexte vers la problématique";"bac_francais methodologie method_introduction_commentaire"
"Quelle erreur fréquente éviter avec l'introduction du commentaire ?";"faire une biographie inutile";"bac_francais methodologie method_introduction_commentaire"
"Mini-situation : aller du contexte vers la problématique. Que faut-il faire ?";"aller du contexte vers la problématique";"bac_francais methodologie method_introduction_commentaire"
"Phrase utile à retenir pour l'introduction du commentaire.";"Dans cet extrait, [auteur] met en scène [situation] afin de montrer [enjeu].";"bac_francais methodologie method_introduction_commentaire"
"Que vérifier à la fin ?";"auteur, texte, enjeu, problématique";"bac_francais methodologie method_introduction_commentaire"
"Complète la formule liée à l’introduction du commentaire.";"L’introduction va du contexte à la problématique.";"bac_francais methodologie method_introduction_commentaire"
"À quoi sert la problématique ?";"formuler une question simple qui guide l’analyse";"bac_francais methodologie method_problematique"
"Que faire en premier pour la problématique ?";"partir d’un enjeu du texte";"bac_francais methodologie method_problematique"
"Quelle erreur fréquente éviter avec la problématique ?";"demander seulement de quoi parle le texte";"bac_francais methodologie method_problematique"
"Mini-situation : partir d’un enjeu du texte. Que faut-il faire ?";"partir d’un enjeu du texte";"bac_francais methodologie method_problematique"
"Phrase utile à retenir pour la problématique.";"Comment [auteur] met-il en valeur [idée] ?";"bac_francais methodologie method_problematique"
"Que vérifier à la fin ?";"la question doit recevoir une réponse en axes";"bac_francais methodologie method_problematique"
"Complète la formule liée à la problématique.";"La problématique doit être précise et ouverte.";"bac_francais methodologie method_problematique"
"À quoi sert le plan du commentaire ?";"organiser deux ou trois axes qui répondent à la problématique";"bac_francais methodologie method_plan_commentaire"
"Que faire en premier pour le plan du commentaire ?";"regrouper les citations par idées";"bac_francais methodologie method_plan_commentaire"
"Quelle erreur fréquente éviter avec le plan du commentaire ?";"faire deux axes qui disent la même chose";"bac_francais methodologie method_plan_commentaire"
"Mini-situation : regrouper les citations par idées. Que faut-il faire ?";"regrouper les citations par idées";"bac_francais methodologie method_plan_commentaire"
"Phrase utile à retenir pour le plan du commentaire.";"Nous verrons d’abord [axe 1], puis [axe 2], avant d’étudier [axe 3].";"bac_francais methodologie method_plan_commentaire"
"Que vérifier à la fin ?";"chaque axe apporte une idée différente";"bac_francais methodologie method_plan_commentaire"
"Complète la formule liée au plan du commentaire.";"Un bon plan va du plus visible au plus interprétatif.";"bac_francais methodologie method_plan_commentaire"
"À quoi sert le paragraphe PECA ?";"rédiger un paragraphe d’analyse solide";"bac_francais methodologie method_paragraphe_peca"
"Que faire en premier pour le paragraphe PECA ?";"identifier le procédé puis expliquer l’effet";"bac_francais methodologie method_paragraphe_peca"
"Quelle erreur fréquente éviter avec le paragraphe PECA ?";"oublier le commentaire";"bac_francais methodologie method_paragraphe_peca"
"Mini-situation : identifier le procédé puis expliquer l’effet. Que faut-il faire ?";"identifier le procédé puis expliquer l’effet";"bac_francais methodologie method_paragraphe_peca"
"Phrase utile à retenir pour le paragraphe PECA.";"P = procédé, E = exemple, C = commentaire, A = analyse";"bac_francais methodologie method_paragraphe_peca"
"Que vérifier à la fin ?";"la citation est courte et analysée";"bac_francais methodologie method_paragraphe_peca"
"Complète la formule liée au paragraphe PECA.";"Le PECA relie forme et sens.";"bac_francais methodologie method_paragraphe_peca"
"À quoi sert la conclusion du commentaire ?";"répondre clairement à la problématique";"bac_francais methodologie method_conclusion_commentaire"
"Que faire en premier pour la conclusion du commentaire ?";"faire un bilan bref des axes";"bac_francais methodologie method_conclusion_commentaire"
"Quelle erreur fréquente éviter avec la conclusion du commentaire ?";"ajouter une nouvelle idée importante";"bac_francais methodologie method_conclusion_commentaire"
"Mini-situation : faire un bilan bref des axes. Que faut-il faire ?";"faire un bilan bref des axes";"bac_francais methodologie method_conclusion_commentaire"
"Phrase utile à retenir pour la conclusion du commentaire.";"Ainsi, le texte montre que [réponse].";"bac_francais methodologie method_conclusion_commentaire"
"Que vérifier à la fin ?";"bilan + réponse + ouverture légère";"bac_francais methodologie method_conclusion_commentaire"
"Complète la formule liée à la conclusion du commentaire.";"La conclusion ferme la lecture.";"bac_francais methodologie method_conclusion_commentaire"
"À quoi sert la gestion du temps ?";"respecter les 4 heures sans se bloquer";"bac_francais methodologie method_gestion_du_temps"
"Que faire en premier pour la gestion du temps ?";"20 min lecture, 25 min problématique/plan, 2h rédaction, 15 min relecture";"bac_francais methodologie method_gestion_du_temps"
"Quelle erreur fréquente éviter avec la gestion du temps ?";"passer trop de temps sur l’introduction";"bac_francais methodologie method_gestion_du_temps"
"Mini-situation : 20 min lecture, 25 min problématique/plan, 2h rédaction, 15 min relecture. Que faut-il faire ?";"20 min lecture, 25 min problématique/plan, 2h rédaction, 15 min relecture";"bac_francais methodologie method_gestion_du_temps"
"Phrase utile à retenir pour la gestion du temps.";"Avancer vite mais proprement.";"bac_francais methodologie method_gestion_du_temps"
"Que vérifier à la fin ?";"avoir fini une rédaction complète";"bac_francais methodologie method_gestion_du_temps"
"Complète la formule liée à la gestion du temps.";"Le temps doit servir la copie, pas l’inverse.";"bac_francais methodologie method_gestion_du_temps"
"À quoi sert des axes solides ?";"passer de l’observation à l’interprétation";"bac_francais methodologie method_construire_des_axes_solides"
"Que faire en premier pour des axes solides ?";"transformer les constats en idées";"bac_francais methodologie method_construire_des_axes_solides"
"Quelle erreur fréquente éviter avec des axes solides ?";"faire un axe descriptif";"bac_francais methodologie method_construire_des_axes_solides"
"Mini-situation : transformer les constats en idées. Que faut-il faire ?";"transformer les constats en idées";"bac_francais methodologie method_construire_des_axes_solides"
"Phrase utile à retenir pour des axes solides.";"Le texte montre que...";"bac_francais methodologie method_construire_des_axes_solides"
"Que vérifier à la fin ?";"chaque axe répond à la problématique";"bac_francais methodologie method_construire_des_axes_solides"
"Complète la formule liée à des axes solides.";"Un axe est une idée, pas un thème.";"bac_francais methodologie method_construire_des_axes_solides"
"À quoi sert la checklist de relecture ?";"corriger l’essentiel en 10 à 15 minutes";"bac_francais methodologie method_checklist_relecture"
"Que faire en premier pour la checklist de relecture ?";"vérifier problématique, axes et citations";"bac_francais methodologie method_checklist_relecture"
"Quelle erreur fréquente éviter avec la checklist de relecture ?";"relire au hasard dès la première ligne";"bac_francais methodologie method_checklist_relecture"
"Mini-situation : vérifier problématique, axes et citations. Que faut-il faire ?";"vérifier problématique, axes et citations";"bac_francais methodologie method_checklist_relecture"
"Phrase utile à retenir pour la checklist de relecture.";"Procédé -> effet -> interprétation";"bac_francais methodologie method_checklist_relecture"
"Que vérifier à la fin ?";"fautes visibles, transitions, conclusion";"bac_francais methodologie method_checklist_relecture"
"Complète la formule liée à la checklist de relecture.";"La relecture enlève les erreurs simples.";"bac_francais methodologie method_checklist_relecture"
"À quoi sert la stratégie du jour J ?";"garder une stratégie claire pendant l’épreuve";"bac_francais methodologie method_strategie_jour_j"
"Que faire en premier pour la stratégie du jour J ?";"lire, repérer, planifier, écrire, relire";"bac_francais methodologie method_strategie_jour_j"
"Quelle erreur fréquente éviter avec la stratégie du jour J ?";"se précipiter dans la rédaction";"bac_francais methodologie method_strategie_jour_j"
"Mini-situation : lire, repérer, planifier, écrire, relire. Que faut-il faire ?";"lire, repérer, planifier, écrire, relire";"bac_francais methodologie method_strategie_jour_j"
"Phrase utile à retenir pour la stratégie du jour J.";"20-20-40-10";"bac_francais methodologie method_strategie_jour_j"
"Que vérifier à la fin ?";"ne pas paniquer si un détail manque";"bac_francais methodologie method_strategie_jour_j"
"Complète la formule liée à la stratégie du jour J.";"Le jour J, il faut une méthode simple.";"bac_francais methodologie method_strategie_jour_j"
"À quoi sert la paraphrase ?";"transformer le résumé en vraie analyse";"bac_francais methodologie method_eviter_la_paraphrase"
"Que faire en premier pour la paraphrase ?";"ajouter procédé, effet et interprétation";"bac_francais methodologie method_eviter_la_paraphrase"
"Quelle erreur fréquente éviter avec la paraphrase ?";"réécrire le texte avec d’autres mots";"bac_francais methodologie method_eviter_la_paraphrase"
"Mini-situation : ajouter procédé, effet et interprétation. Que faut-il faire ?";"ajouter procédé, effet et interprétation";"bac_francais methodologie method_eviter_la_paraphrase"
"Phrase utile à retenir pour la paraphrase.";"Ce passage montre que...";"bac_francais methodologie method_eviter_la_paraphrase"
"Que vérifier à la fin ?";"chaque citation doit prouver une idée";"bac_francais methodologie method_eviter_la_paraphrase"
"Complète la formule liée à la paraphrase.";"La paraphrase ne fait pas d’analyse.";"bac_francais methodologie method_eviter_la_paraphrase"
"À quoi sert la transition ?";"relier les axes et guider la lecture";"bac_francais methodologie method_transition"
"Que faire en premier pour la transition ?";"rappeler le bilan du premier axe";"bac_francais methodologie method_transition"
"Quelle erreur fréquente éviter avec la transition ?";"changer brusquement d’idée";"bac_francais methodologie method_transition"
"Mini-situation : rappeler le bilan du premier axe. Que faut-il faire ?";"rappeler le bilan du premier axe";"bac_francais methodologie method_transition"
"Phrase utile à retenir pour la transition.";"Après avoir montré que..., il faut maintenant étudier...";"bac_francais methodologie method_transition"
"Que vérifier à la fin ?";"la progression doit rester claire";"bac_francais methodologie method_transition"
"Complète la formule liée à la transition.";"La transition donne de la cohérence.";"bac_francais methodologie method_transition"
"À quoi sert une citation ?";"lire une citation courte et en tirer du sens";"bac_francais methodologie method_analyser_une_citation"
"Que faire en premier pour une citation ?";"repérer le mot important et le procédé";"bac_francais methodologie method_analyser_une_citation"
"Quelle erreur fréquente éviter avec une citation ?";"choisir une citation trop longue";"bac_francais methodologie method_analyser_une_citation"
"Mini-situation : repérer le mot important et le procédé. Que faut-il faire ?";"repérer le mot important et le procédé";"bac_francais methodologie method_analyser_une_citation"
"Phrase utile à retenir pour une citation.";"Dans '[citation]', l’auteur utilise...";"bac_francais methodologie method_analyser_une_citation"
"Que vérifier à la fin ?";"citation courte + effet + interprétation";"bac_francais methodologie method_analyser_une_citation"
"Complète la formule liée à une citation.";"Une bonne citation doit prouver quelque chose.";"bac_francais methodologie method_analyser_une_citation"
"À quoi sert le suivi de progression ?";"voir ce qui est déjà maîtrisé et ce qui reste à travailler";"bac_francais methodologie method_suivi_progression"
"Que faire en premier pour le suivi de progression ?";"noter date, exercice et difficulté";"bac_francais methodologie method_suivi_progression"
"Quelle erreur fréquente éviter avec le suivi de progression ?";"laisser les tableaux vides";"bac_francais methodologie method_suivi_progression"
"Mini-situation : noter date, exercice et difficulté. Que faut-il faire ?";"noter date, exercice et difficulté";"bac_francais methodologie method_suivi_progression"
"Phrase utile à retenir pour le suivi de progression.";"À faire / En cours / À revoir / Maîtrisé";"bac_francais methodologie method_suivi_progression"
"Que vérifier à la fin ?";"une ligne par séance";"bac_francais methodologie method_suivi_progression"
"Complète la formule liée au suivi de progression.";"Le suivi évite de réviser au hasard.";"bac_francais methodologie method_suivi_progression"
"À quoi sert la checklist globale ?";"garder une vue d’ensemble des révisions";"bac_francais methodologie method_checklist_globale"
"Que faire en premier pour la checklist globale ?";"commencer par la priorité absolue";"bac_francais methodologie method_checklist_globale"
"Quelle erreur fréquente éviter avec la checklist globale ?";"tout cocher sans vérifier";"bac_francais methodologie method_checklist_globale"
"Mini-situation : commencer par la priorité absolue. Que faut-il faire ?";"commencer par la priorité absolue";"bac_francais methodologie method_checklist_globale"
"Phrase utile à retenir pour la checklist globale.";"priorité absolue";"bac_francais methodologie method_checklist_globale"
"Que vérifier à la fin ?";"méthode, procédés, auteurs, mouvements, exercices";"bac_francais methodologie method_checklist_globale"
"Complète la formule liée à la checklist globale.";"La checklist aide à choisir les révisions utiles.";"bac_francais methodologie method_checklist_globale"
"Quelle est la période de l'humanisme ?";"XVIe siècle";"bac_francais mouvements mouvement_humanisme"
"Définition simple de l'humanisme.";"mouvement qui place l’homme, le savoir et la réflexion au centre";"bac_francais mouvements mouvement_humanisme"
"Quel contexte historique explique l'humanisme ?";"Renaissance, redécouverte de l’Antiquité, essor de l’imprimerie";"bac_francais mouvements mouvement_humanisme"
"Quels thèmes fréquents associer à l'humanisme ?";"éducation, curiosité, dignité, tolérance";"bac_francais mouvements mouvement_humanisme"
"Quels procédés fréquents y retrouver dans l'humanisme ?";"champ lexical du savoir, questions, argumentation";"bac_francais mouvements mouvement_humanisme"
"Quels auteurs associer à l'humanisme ?";"Montaigne, Rabelais";"bac_francais mouvements mouvement_humanisme"
"Que faut-il retenir pour le bac ?";"montrer la confiance dans l’esprit critique et l’apprentissage";"bac_francais mouvements mouvement_humanisme"
"Quelle phrase peut servir à présenter ce mouvement dans une introduction ?";"Ce texte peut être rattaché à l’humanisme, qui valorise le savoir et la réflexion.";"bac_francais mouvements mouvement_humanisme"
"Exemple d’analyse rapide de l'humanisme.";"Un champ lexical du savoir montre la volonté d’apprendre.";"bac_francais mouvements mouvement_humanisme"
"Quelle erreur fréquente éviter avec l'humanisme ?";"le réduire à un texte seulement ancien";"bac_francais mouvements mouvement_humanisme"
"Quelle est la période de le classicisme ?";"XVIIe siècle";"bac_francais mouvements mouvement_classicisme"
"Définition simple du classicisme.";"mouvement qui recherche l’ordre, la clarté et la mesure";"bac_francais mouvements mouvement_classicisme"
"Quel contexte historique explique le classicisme ?";"monarchie forte, règles littéraires, importance de la vraisemblance";"bac_francais mouvements mouvement_classicisme"
"Quels thèmes fréquents associer au classicisme ?";"raison, devoir, passion, bienséance, ordre social";"bac_francais mouvements mouvement_classicisme"
"Quels procédés fréquents y retrouver dans le classicisme ?";"antithèse, litote, question rhétorique";"bac_francais mouvements mouvement_classicisme"
"Quels auteurs associer à le classicisme ?";"Molière, Racine, Corneille, La Fontaine";"bac_francais mouvements mouvement_classicisme"
"Que faut-il retenir pour le bac ?";"repérer la maîtrise, la clarté et le contrôle des passions";"bac_francais mouvements mouvement_classicisme"
"Quelle phrase peut servir à présenter ce mouvement dans une introduction ?";"Ce texte relève du classicisme, qui recherche l’ordre, la clarté et la vraisemblance.";"bac_francais mouvements mouvement_classicisme"
"Exemple d’analyse rapide du classicisme.";"Une antithèse met en valeur le conflit entre passion et raison.";"bac_francais mouvements mouvement_classicisme"
"Quelle erreur fréquente éviter avec le classicisme ?";"le réduire à des règles figées";"bac_francais mouvements mouvement_classicisme"
"Quelle est la période de les Lumières ?";"XVIIIe siècle";"bac_francais mouvements mouvement_lumieres"
"Définition simple des Lumières.";"mouvement qui défend la raison et critique les injustices";"bac_francais mouvements mouvement_lumieres"
"Quel contexte historique explique les Lumières ?";"salons, Encyclopédie, débats intellectuels, critique de l’autorité";"bac_francais mouvements mouvement_lumieres"
"Quels thèmes fréquents associer aux Lumières ?";"liberté, tolérance, progrès, justice, critique";"bac_francais mouvements mouvement_lumieres"
"Quels procédés fréquents y retrouver dans les Lumières ?";"ironie, questions, argumentation, exemples";"bac_francais mouvements mouvement_lumieres"
"Quels auteurs associer à les Lumières ?";"Voltaire, Rousseau, Diderot, Montesquieu";"bac_francais mouvements mouvement_lumieres"
"Que faut-il retenir pour le bac ?";"montrer la critique d’un abus et la volonté d’éclairer le lecteur";"bac_francais mouvements mouvement_lumieres"
"Quelle phrase peut servir à présenter ce mouvement dans une introduction ?";"Le texte s’inscrit dans les Lumières, qui défendent la raison, la liberté et la critique.";"bac_francais mouvements mouvement_lumieres"
"Exemple d’analyse rapide des Lumières.";"L’ironie dénonce une injustice sans la nommer directement.";"bac_francais mouvements mouvement_lumieres"
"Quelle erreur fréquente éviter avec les Lumières ?";"le limiter à une simple époque";"bac_francais mouvements mouvement_lumieres"
"Quelle est la période de le romantisme ?";"première moitié du XIXe siècle";"bac_francais mouvements mouvement_romantisme"
"Définition simple du romantisme.";"mouvement qui valorise les sentiments, la nature et l’expression du moi";"bac_francais mouvements mouvement_romantisme"
"Quel contexte historique explique le romantisme ?";"après la Révolution et l’Empire, climat d’instabilité et affirmation de l’individu";"bac_francais mouvements mouvement_romantisme"
"Quels thèmes fréquents associer au romantisme ?";"sentiments, mélancolie, solitude, nature, liberté";"bac_francais mouvements mouvement_romantisme"
"Quels procédés fréquents y retrouver dans le romantisme ?";"champ lexical des émotions, hyperbole, personnification, métaphore";"bac_francais mouvements mouvement_romantisme"
"Quels auteurs associer à le romantisme ?";"Victor Hugo, Lamartine, Musset, Chateaubriand";"bac_francais mouvements mouvement_romantisme"
"Que faut-il retenir pour le bac ?";"montrer le lien entre le paysage, l’émotion et l’intériorité";"bac_francais mouvements mouvement_romantisme"
"Quelle phrase peut servir à présenter ce mouvement dans une introduction ?";"Ce texte peut être rapproché du romantisme, qui valorise l’expression des sentiments et la nature.";"bac_francais mouvements mouvement_romantisme"
"Exemple d’analyse rapide du romantisme.";"Le champ lexical de la tristesse traduit le mal-être du locuteur.";"bac_francais mouvements mouvement_romantisme"
"Quelle erreur fréquente éviter avec le romantisme ?";"le réduire à l’amour triste";"bac_francais mouvements mouvement_romantisme"
"Quelle est la période de le réalisme ?";"milieu du XIXe siècle";"bac_francais mouvements mouvement_realisme"
"Définition simple du réalisme.";"mouvement qui cherche à représenter la réalité sociale avec précision";"bac_francais mouvements mouvement_realisme"
"Quel contexte historique explique le réalisme ?";"développement industriel, transformations sociales, observation du quotidien";"bac_francais mouvements mouvement_realisme"
"Quels thèmes fréquents associer au réalisme ?";"vie quotidienne, milieux sociaux, travail, argent, détails concrets";"bac_francais mouvements mouvement_realisme"
"Quels procédés fréquents y retrouver dans le réalisme ?";"accumulation, détails, champ lexical précis, description";"bac_francais mouvements mouvement_realisme"
"Quels auteurs associer à le réalisme ?";"Balzac, Flaubert, Maupassant";"bac_francais mouvements mouvement_realisme"
"Que faut-il retenir pour le bac ?";"montrer la précision des détails et la lecture sociale du texte";"bac_francais mouvements mouvement_realisme"
"Quelle phrase peut servir à présenter ce mouvement dans une introduction ?";"Le réalisme cherche à représenter la réalité sociale avec précision.";"bac_francais mouvements mouvement_realisme"
"Exemple d’analyse rapide du réalisme.";"L’accumulation de détails rend la scène crédible.";"bac_francais mouvements mouvement_realisme"
"Quelle erreur fréquente éviter avec le réalisme ?";"le confondre avec un simple texte vrai";"bac_francais mouvements mouvement_realisme"
"Quelle est la période de le naturalisme ?";"seconde moitié du XIXe siècle";"bac_francais mouvements mouvement_naturalisme"
"Définition simple du naturalisme.";"prolongement du réalisme qui s’appuie sur l’observation quasi scientifique";"bac_francais mouvements mouvement_naturalisme"
"Quel contexte historique explique le naturalisme ?";"essor des sciences, intérêt pour l’hérédité et le milieu";"bac_francais mouvements mouvement_naturalisme"
"Quels thèmes fréquents associer au naturalisme ?";"déterminisme, travail, misère, milieu social, corps";"bac_francais mouvements mouvement_naturalisme"
"Quels procédés fréquents y retrouver dans le naturalisme ?";"accumulation, détails concrets, vocabulaire de l’observation";"bac_francais mouvements mouvement_naturalisme"
"Quels auteurs associer à le naturalisme ?";"Zola";"bac_francais mouvements mouvement_naturalisme"
"Que faut-il retenir pour le bac ?";"montrer comment le texte observe l’homme comme un objet d’étude";"bac_francais mouvements mouvement_naturalisme"
"Quelle phrase peut servir à présenter ce mouvement dans une introduction ?";"Le naturalisme prolonge le réalisme en s’appuyant sur l’observation quasi scientifique.";"bac_francais mouvements mouvement_naturalisme"
"Exemple d’analyse rapide du naturalisme.";"Les détails concrets donnent une impression d’étude sociale.";"bac_francais mouvements mouvement_naturalisme"
"Quelle erreur fréquente éviter avec le naturalisme ?";"le réduire à la misère seule";"bac_francais mouvements mouvement_naturalisme"
"Quelle est la période de le symbolisme ?";"fin du XIXe siècle";"bac_francais mouvements mouvement_symbolisme"
"Définition simple du symbolisme.";"mouvement qui cherche à suggérer plutôt qu’à dire clairement";"bac_francais mouvements mouvement_symbolisme"
"Quel contexte historique explique le symbolisme ?";"réaction contre le réalisme, recherche de l’ombre et du mystère";"bac_francais mouvements mouvement_symbolisme"
"Quels thèmes fréquents associer au symbolisme ?";"rêve, mystère, intériorité, correspondances, musique du vers";"bac_francais mouvements mouvement_symbolisme"
"Quels procédés fréquents y retrouver dans le symbolisme ?";"métaphore, symboles, assonance, allitération";"bac_francais mouvements mouvement_symbolisme"
"Quels auteurs associer à le symbolisme ?";"Baudelaire, Verlaine, Mallarmé, Rimbaud";"bac_francais mouvements mouvement_symbolisme"
"Que faut-il retenir pour le bac ?";"montrer la force de la suggestion et de la musicalité";"bac_francais mouvements mouvement_symbolisme"
"Quelle phrase peut servir à présenter ce mouvement dans une introduction ?";"Le symbolisme cherche moins à nommer qu’à suggérer.";"bac_francais mouvements mouvement_symbolisme"
"Exemple d’analyse rapide du symbolisme.";"L’image fait sentir un sens caché.";"bac_francais mouvements mouvement_symbolisme"
"Quelle erreur fréquente éviter avec le symbolisme ?";"vouloir tout expliquer littéralement";"bac_francais mouvements mouvement_symbolisme"
"Quelle est la période de le surréalisme ?";"XXe siècle";"bac_francais mouvements mouvement_surrealisme"
"Définition simple du surréalisme.";"mouvement qui libère l’imagination et explore le rêve et l’inconscient";"bac_francais mouvements mouvement_surrealisme"
"Quel contexte historique explique le surréalisme ?";"après la Première Guerre mondiale, volonté de rupture avec la logique";"bac_francais mouvements mouvement_surrealisme"
"Quels thèmes fréquents associer au surréalisme ?";"rêve, amour, liberté, inconscient, hasard";"bac_francais mouvements mouvement_surrealisme"
"Quels procédés fréquents y retrouver dans le surréalisme ?";"images inattendues, associations libres, écriture automatique";"bac_francais mouvements mouvement_surrealisme"
"Quels auteurs associer à le surréalisme ?";"André Breton, Éluard, Aragon, Apollinaire";"bac_francais mouvements mouvement_surrealisme"
"Que faut-il retenir pour le bac ?";"montrer la rupture avec le logique et la place de l’image";"bac_francais mouvements mouvement_surrealisme"
"Quelle phrase peut servir à présenter ce mouvement dans une introduction ?";"Le surréalisme libère l’imagination et explore le rêve.";"bac_francais mouvements mouvement_surrealisme"
"Exemple d’analyse rapide du surréalisme.";"L’association d’images inattendues crée un effet de surprise.";"bac_francais mouvements mouvement_surrealisme"
"Quelle erreur fréquente éviter avec le surréalisme ?";"le lire comme un texte logique ordinaire";"bac_francais mouvements mouvement_surrealisme"
"Quelle est la période de l'existentialisme ?";"XXe siècle";"bac_francais mouvements mouvement_existentialisme"
"Définition simple de l'existentialisme.";"mouvement qui interroge la liberté, la responsabilité et la condition humaine";"bac_francais mouvements mouvement_existentialisme"
"Quel contexte historique explique l'existentialisme ?";"seconde guerre mondiale, réflexion sur la liberté et le choix";"bac_francais mouvements mouvement_existentialisme"
"Quels thèmes fréquents associer à l'existentialisme ?";"liberté, responsabilité, angoisse, choix, absurdité";"bac_francais mouvements mouvement_existentialisme"
"Quels procédés fréquents y retrouver dans l'existentialisme ?";"questions, antithèses, lexique du doute, dialogue";"bac_francais mouvements mouvement_existentialisme"
"Quels auteurs associer à l'existentialisme ?";"Camus, Sartre, Beauvoir";"bac_francais mouvements mouvement_existentialisme"
"Que faut-il retenir pour le bac ?";"montrer la réflexion sur le choix et la responsabilité";"bac_francais mouvements mouvement_existentialisme"
"Quelle phrase peut servir à présenter ce mouvement dans une introduction ?";"L’existentialisme interroge la liberté et la responsabilité de l’homme.";"bac_francais mouvements mouvement_existentialisme"
"Exemple d’analyse rapide de l'existentialisme.";"Une question rhétorique traduit le doute du personnage.";"bac_francais mouvements mouvement_existentialisme"
"Quelle erreur fréquente éviter avec l'existentialisme ?";"le réduire à une pensée uniquement pessimiste";"bac_francais mouvements mouvement_existentialisme"
"Quel siècle pour Victor Hugo ?";"XIXe siècle";"bac_francais auteurs auteur_victor_hugo"
"Quel mouvement principal associer à Victor Hugo ?";"romantisme";"bac_francais auteurs auteur_victor_hugo"
"Quels genres Victor Hugo pratique-t-il ?";"poésie, théâtre, roman, discours";"bac_francais auteurs auteur_victor_hugo"
"Quels thèmes reviennent souvent chez Victor Hugo ?";"liberté, justice, misère, peuple, nature";"bac_francais auteurs auteur_victor_hugo"
"Comment décrire son style ?";"ample, expressif, imagé et engagé";"bac_francais auteurs auteur_victor_hugo"
"Quels procédés fréquents utiliser chez Victor Hugo ?";"hyperbole, antithèse, métaphore, champ lexical";"bac_francais auteurs auteur_victor_hugo"
"Quelles œuvres de Victor Hugo sont utiles à connaître ?";"Les Contemplations, Les Misérables, Hernani, Ruy Blas";"bac_francais auteurs auteur_victor_hugo"
"Quelle phrase courte et réutilisable peut présenter Victor Hugo ?";"Victor Hugo est un écrivain romantique du XIXe siècle engagé pour la liberté et la justice.";"bac_francais auteurs auteur_victor_hugo"
"Quelle phrase réutilisable dans une introduction peut servir pour Victor Hugo ?";"Écrivain majeur du romantisme, Victor Hugo utilise souvent les contrastes et les images pour défendre une vision engagée de l’homme.";"bac_francais auteurs auteur_victor_hugo"
"Quel lien faire avec un commentaire ?";"Une antithèse chez Hugo peut opposer la misère et l’espérance.";"bac_francais auteurs auteur_victor_hugo"
"Quel siècle pour Baudelaire ?";"XIXe siècle";"bac_francais auteurs auteur_baudelaire"
"Quel mouvement principal associer à Baudelaire ?";"symbolisme";"bac_francais auteurs auteur_baudelaire"
"Quels genres Baudelaire pratique-t-il ?";"poésie";"bac_francais auteurs auteur_baudelaire"
"Quels thèmes reviennent souvent chez Baudelaire ?";"beauté, spleen, modernité, ville, idéalisme";"bac_francais auteurs auteur_baudelaire"
"Comment décrire son style ?";"dense, musical, imagé et souvent contrasté";"bac_francais auteurs auteur_baudelaire"
"Quels procédés fréquents utiliser chez Baudelaire ?";"métaphore, symboles, oxymore, champ lexical";"bac_francais auteurs auteur_baudelaire"
"Quelles œuvres de Baudelaire sont utiles à connaître ?";"Les Fleurs du mal, Le Spleen de Paris";"bac_francais auteurs auteur_baudelaire"
"Quelle phrase courte et réutilisable peut présenter Baudelaire ?";"Baudelaire est un poète du XIXe siècle qui transforme le spleen et la beauté en matière poétique.";"bac_francais auteurs auteur_baudelaire"
"Quelle phrase réutilisable dans une introduction peut servir pour Baudelaire ?";"Chez Baudelaire, la poésie transforme l’expérience intérieure en images frappantes.";"bac_francais auteurs auteur_baudelaire"
"Quel lien faire avec un commentaire ?";"Un champ lexical du spleen chez Baudelaire traduit un malaise intérieur profond.";"bac_francais auteurs auteur_baudelaire"
"Quel siècle pour Rimbaud ?";"XIXe siècle";"bac_francais auteurs auteur_rimbaud"
"Quel mouvement principal associer à Rimbaud ?";"symbolisme";"bac_francais auteurs auteur_rimbaud"
"Quels genres Rimbaud pratique-t-il ?";"poésie";"bac_francais auteurs auteur_rimbaud"
"Quels thèmes reviennent souvent chez Rimbaud ?";"révolte, liberté, vision, voyage, jeunesse";"bac_francais auteurs auteur_rimbaud"
"Comment décrire son style ?";"inventif, fulgurant, étrange et moderne";"bac_francais auteurs auteur_rimbaud"
"Quels procédés fréquents utiliser chez Rimbaud ?";"métaphore, images inattendues, assonance, allitération";"bac_francais auteurs auteur_rimbaud"
"Quelles œuvres de Rimbaud sont utiles à connaître ?";"Le Bateau ivre, Une saison en enfer, Illuminations";"bac_francais auteurs auteur_rimbaud"
"Quelle phrase courte et réutilisable peut présenter Rimbaud ?";"Rimbaud est un poète du XIXe siècle qui renouvelle la poésie par des images fortes et une liberté totale.";"bac_francais auteurs auteur_rimbaud"
"Quelle phrase réutilisable dans une introduction peut servir pour Rimbaud ?";"Rimbaud transforme la poésie en exploration de la vision et de la liberté.";"bac_francais auteurs auteur_rimbaud"
"Quel lien faire avec un commentaire ?";"Une image inattendue chez Rimbaud peut ouvrir un sens symbolique.";"bac_francais auteurs auteur_rimbaud"
"Quel siècle pour Zola ?";"XIXe siècle";"bac_francais auteurs auteur_zola"
"Quel mouvement principal associer à Zola ?";"naturalisme";"bac_francais auteurs auteur_zola"
"Quels genres Zola pratique-t-il ?";"roman, article, texte engagé";"bac_francais auteurs auteur_zola"
"Quels thèmes reviennent souvent chez Zola ?";"milieu social, déterminisme, travail, misère, foule";"bac_francais auteurs auteur_zola"
"Comment décrire son style ?";"précis, descriptif, souvent très concret";"bac_francais auteurs auteur_zola"
"Quels procédés fréquents utiliser chez Zola ?";"accumulation, détails, champ lexical, comparaison";"bac_francais auteurs auteur_zola"
"Quelles œuvres de Zola sont utiles à connaître ?";"Germinal, Thérèse Raquin, Nana";"bac_francais auteurs auteur_zola"
"Quelle phrase courte et réutilisable peut présenter Zola ?";"Zola est un romancier naturaliste qui observe la société avec précision.";"bac_francais auteurs auteur_zola"
"Quelle phrase réutilisable dans une introduction peut servir pour Zola ?";"Zola représente les milieux sociaux avec précision pour montrer les effets du milieu sur l’homme.";"bac_francais auteurs auteur_zola"
"Quel lien faire avec un commentaire ?";"Une accumulation de détails chez Zola rend la scène plus crédible et plus sociale.";"bac_francais auteurs auteur_zola"
"Quel siècle pour Flaubert ?";"XIXe siècle";"bac_francais auteurs auteur_flaubert"
"Quel mouvement principal associer à Flaubert ?";"réalisme";"bac_francais auteurs auteur_flaubert"
"Quels genres Flaubert pratique-t-il ?";"roman";"bac_francais auteurs auteur_flaubert"
"Quels thèmes reviennent souvent chez Flaubert ?";"quotidien, ennui, société, illusion, désillusion";"bac_francais auteurs auteur_flaubert"
"Comment décrire son style ?";"précis, travaillé, souvent ironique et sobre";"bac_francais auteurs auteur_flaubert"
"Quels procédés fréquents utiliser chez Flaubert ?";"détails, ironie, accumulation, point de vue descriptif";"bac_francais auteurs auteur_flaubert"
"Quelles œuvres de Flaubert sont utiles à connaître ?";"Madame Bovary, L’Éducation sentimentale";"bac_francais auteurs auteur_flaubert"
"Quelle phrase courte et réutilisable peut présenter Flaubert ?";"Flaubert est un romancier réaliste qui observe les illusions et les désillusions du quotidien.";"bac_francais auteurs auteur_flaubert"
"Quelle phrase réutilisable dans une introduction peut servir pour Flaubert ?";"Flaubert met en scène la réalité sociale avec précision et parfois avec ironie.";"bac_francais auteurs auteur_flaubert"
"Quel lien faire avec un commentaire ?";"Une ironie flaubertienne peut faire apparaître le décalage entre rêve et réalité.";"bac_francais auteurs auteur_flaubert"
"Quel siècle pour Balzac ?";"XIXe siècle";"bac_francais auteurs auteur_balzac"
"Quel mouvement principal associer à Balzac ?";"réalisme";"bac_francais auteurs auteur_balzac"
"Quels genres Balzac pratique-t-il ?";"roman";"bac_francais auteurs auteur_balzac"
"Quels thèmes reviennent souvent chez Balzac ?";"société, ambition, argent, classes sociales, pouvoir";"bac_francais auteurs auteur_balzac"
"Comment décrire son style ?";"abondant, précis, observateur";"bac_francais auteurs auteur_balzac"
"Quels procédés fréquents utiliser chez Balzac ?";"accumulation, description détaillée, champ lexical social";"bac_francais auteurs auteur_balzac"
"Quelles œuvres de Balzac sont utiles à connaître ?";"Le Père Goriot, Eugénie Grandet, La Comédie humaine";"bac_francais auteurs auteur_balzac"
"Quelle phrase courte et réutilisable peut présenter Balzac ?";"Balzac est un romancier réaliste qui peint la société dans ses détails et ses rapports de force.";"bac_francais auteurs auteur_balzac"
"Quelle phrase réutilisable dans une introduction peut servir pour Balzac ?";"Balzac observe la société de son temps à travers des descriptions précises et un regard social.";"bac_francais auteurs auteur_balzac"
"Quel lien faire avec un commentaire ?";"Une description balzacienne peut montrer les rapports de force entre les personnages.";"bac_francais auteurs auteur_balzac"
"Quel siècle pour Molière ?";"XVIIe siècle";"bac_francais auteurs auteur_moliere"
"Quel mouvement principal associer à Molière ?";"classicisme";"bac_francais auteurs auteur_moliere"
"Quels genres Molière pratique-t-il ?";"théâtre, comédie";"bac_francais auteurs auteur_moliere"
"Quels thèmes reviennent souvent chez Molière ?";"hypocrisie, avarice, comique, société, morale";"bac_francais auteurs auteur_moliere"
"Comment décrire son style ?";"vivant, efficace, comique et critique";"bac_francais auteurs auteur_moliere"
"Quels procédés fréquents utiliser chez Molière ?";"ironie, satire, répétition, comique de mots et de situation";"bac_francais auteurs auteur_moliere"
"Quelles œuvres de Molière sont utiles à connaître ?";"Tartuffe, Le Misanthrope, L’Avare, Le Malade imaginaire";"bac_francais auteurs auteur_moliere"
"Quelle phrase courte et réutilisable peut présenter Molière ?";"Molière est un dramaturge classique qui fait rire tout en critiquant les travers humains.";"bac_francais auteurs auteur_moliere"
"Quelle phrase réutilisable dans une introduction peut servir pour Molière ?";"Molière utilise le théâtre pour divertir et dénoncer les défauts de son époque.";"bac_francais auteurs auteur_moliere"
"Quel lien faire avec un commentaire ?";"Une scène comique chez Molière peut aussi devenir une critique de l’hypocrisie.";"bac_francais auteurs auteur_moliere"
"Quel siècle pour Racine ?";"XVIIe siècle";"bac_francais auteurs auteur_racine"
"Quel mouvement principal associer à Racine ?";"classicisme";"bac_francais auteurs auteur_racine"
"Quels genres Racine pratique-t-il ?";"théâtre tragique";"bac_francais auteurs auteur_racine"
"Quels thèmes reviennent souvent chez Racine ?";"passion, fatalité, conflit intérieur, devoir, amour";"bac_francais auteurs auteur_racine"
"Comment décrire son style ?";"sobre, tendu, très maîtrisé";"bac_francais auteurs auteur_racine"
"Quels procédés fréquents utiliser chez Racine ?";"antithèse, litote, question rhétorique, champ lexical de la passion";"bac_francais auteurs auteur_racine"
"Quelles œuvres de Racine sont utiles à connaître ?";"Phèdre, Andromaque, Britannicus";"bac_francais auteurs auteur_racine"
"Quelle phrase courte et réutilisable peut présenter Racine ?";"Racine est un tragédien classique qui met en scène la force destructrice des passions.";"bac_francais auteurs auteur_racine"
"Quelle phrase réutilisable dans une introduction peut servir pour Racine ?";"Racine montre des personnages déchirés entre la passion et la raison.";"bac_francais auteurs auteur_racine"
"Quel lien faire avec un commentaire ?";"Une antithèse racinienne peut faire sentir le conflit intérieur d’un héros.";"bac_francais auteurs auteur_racine"
"Quel siècle pour Corneille ?";"XVIIe siècle";"bac_francais auteurs auteur_corneille"
"Quel mouvement principal associer à Corneille ?";"classicisme";"bac_francais auteurs auteur_corneille"
"Quels genres Corneille pratique-t-il ?";"théâtre tragique, tragi-comédie";"bac_francais auteurs auteur_corneille"
"Quels thèmes reviennent souvent chez Corneille ?";"honneur, devoir, choix, grandeur, héroïsme";"bac_francais auteurs auteur_corneille"
"Comment décrire son style ?";"énergique, oratoire, fondé sur la décision";"bac_francais auteurs auteur_corneille"
"Quels procédés fréquents utiliser chez Corneille ?";"antithèse, question rhétorique, hyperbole, discours";"bac_francais auteurs auteur_corneille"
"Quelles œuvres de Corneille sont utiles à connaître ?";"Le Cid, Horace, Cinna";"bac_francais auteurs auteur_corneille"
"Quelle phrase courte et réutilisable peut présenter Corneille ?";"Corneille est un dramaturge classique qui met en scène des héros confrontés à des choix difficiles.";"bac_francais auteurs auteur_corneille"
"Quelle phrase réutilisable dans une introduction peut servir pour Corneille ?";"Corneille donne à ses personnages une grandeur fondée sur le devoir et le choix.";"bac_francais auteurs auteur_corneille"
"Quel lien faire avec un commentaire ?";"Une question rhétorique chez Corneille peut souligner un dilemme moral.";"bac_francais auteurs auteur_corneille"
"Quel siècle pour La Fontaine ?";"XVIIe siècle";"bac_francais auteurs auteur_la_fontaine"
"Quel mouvement principal associer à La Fontaine ?";"classicisme";"bac_francais auteurs auteur_la_fontaine"
"Quels genres La Fontaine pratique-t-il ?";"fable, poésie";"bac_francais auteurs auteur_la_fontaine"
"Quels thèmes reviennent souvent chez La Fontaine ?";"sagesse, morale, société, rapport de force, animaux";"bac_francais auteurs auteur_la_fontaine"
"Comment décrire son style ?";"clair, vif, souvent ironique";"bac_francais auteurs auteur_la_fontaine"
"Quels procédés fréquents utiliser chez La Fontaine ?";"ironie, moralité, opposition, personnification";"bac_francais auteurs auteur_la_fontaine"
"Quelles œuvres de La Fontaine sont utiles à connaître ?";"Fables";"bac_francais auteurs auteur_la_fontaine"
"Quelle phrase courte et réutilisable peut présenter La Fontaine ?";"La Fontaine est un auteur classique qui utilise la fable pour instruire et critiquer.";"bac_francais auteurs auteur_la_fontaine"
"Quelle phrase réutilisable dans une introduction peut servir pour La Fontaine ?";"La Fontaine transforme les animaux en personnages pour faire passer une leçon morale.";"bac_francais auteurs auteur_la_fontaine"
"Quel lien faire avec un commentaire ?";"Une personnification chez La Fontaine rend la fable plus vivante et plus parlante.";"bac_francais auteurs auteur_la_fontaine"
"Quel siècle pour Voltaire ?";"XVIIIe siècle";"bac_francais auteurs auteur_voltaire"
"Quel mouvement principal associer à Voltaire ?";"Lumières";"bac_francais auteurs auteur_voltaire"
"Quels genres Voltaire pratique-t-il ?";"conte philosophique, essai, article, théâtre";"bac_francais auteurs auteur_voltaire"
"Quels thèmes reviennent souvent chez Voltaire ?";"tolérance, liberté, justice, critique, raison";"bac_francais auteurs auteur_voltaire"
"Comment décrire son style ?";"clair, vif, ironique";"bac_francais auteurs auteur_voltaire"
"Quels procédés fréquents utiliser chez Voltaire ?";"ironie, question rhétorique, antithèse, argumentation";"bac_francais auteurs auteur_voltaire"
"Quelles œuvres de Voltaire sont utiles à connaître ?";"Candide, Lettres philosophiques, Traité sur la tolérance";"bac_francais auteurs auteur_voltaire"
"Quelle phrase courte et réutilisable peut présenter Voltaire ?";"Voltaire est un écrivain des Lumières qui critique les injustices avec ironie et clarté.";"bac_francais auteurs auteur_voltaire"
"Quelle phrase réutilisable dans une introduction peut servir pour Voltaire ?";"Voltaire utilise l’ironie et la clarté pour défendre la tolérance et la raison.";"bac_francais auteurs auteur_voltaire"
"Quel lien faire avec un commentaire ?";"Une ironie voltairienne peut faire apparaître le ridicule d’une injustice.";"bac_francais auteurs auteur_voltaire"
"Quel siècle pour Rousseau ?";"XVIIIe siècle";"bac_francais auteurs auteur_rousseau"
"Quel mouvement principal associer à Rousseau ?";"Lumières";"bac_francais auteurs auteur_rousseau"
"Quels genres Rousseau pratique-t-il ?";"essai, autobiographie, discours";"bac_francais auteurs auteur_rousseau"
"Quels thèmes reviennent souvent chez Rousseau ?";"nature, liberté, éducation, société, moi";"bac_francais auteurs auteur_rousseau"
"Comment décrire son style ?";"réflexif, personnel, parfois lyrique";"bac_francais auteurs auteur_rousseau"
"Quels procédés fréquents utiliser chez Rousseau ?";"questions, opposition, champ lexical des sentiments, argumentation";"bac_francais auteurs auteur_rousseau"
"Quelles œuvres de Rousseau sont utiles à connaître ?";"Les Confessions, Du contrat social, Émile";"bac_francais auteurs auteur_rousseau"
"Quelle phrase courte et réutilisable peut présenter Rousseau ?";"Rousseau est un penseur des Lumières qui réfléchit à la liberté, à l’éducation et à la nature.";"bac_francais auteurs auteur_rousseau"
"Quelle phrase réutilisable dans une introduction peut servir pour Rousseau ?";"Rousseau interroge la société et défend une réflexion sur la liberté et l’éducation.";"bac_francais auteurs auteur_rousseau"
"Quel lien faire avec un commentaire ?";"Une opposition chez Rousseau peut montrer le conflit entre nature et société.";"bac_francais auteurs auteur_rousseau"
"Quel siècle pour Montaigne ?";"XVIe siècle";"bac_francais auteurs auteur_montaigne"
"Quel mouvement principal associer à Montaigne ?";"humanisme";"bac_francais auteurs auteur_montaigne"
"Quels genres Montaigne pratique-t-il ?";"essai";"bac_francais auteurs auteur_montaigne"
"Quels thèmes reviennent souvent chez Montaigne ?";"introspection, connaissance de soi, tolérance, jugement, expérience";"bac_francais auteurs auteur_montaigne"
"Comment décrire son style ?";"réflexif, libre, personnel";"bac_francais auteurs auteur_montaigne"
"Quels procédés fréquents utiliser chez Montaigne ?";"questions, exemples, réflexion, comparaison";"bac_francais auteurs auteur_montaigne"
"Quelles œuvres de Montaigne sont utiles à connaître ?";"Essais";"bac_francais auteurs auteur_montaigne"
"Quelle phrase courte et réutilisable peut présenter Montaigne ?";"Montaigne est un humaniste qui réfléchit à l’homme et à la connaissance de soi.";"bac_francais auteurs auteur_montaigne"
"Quelle phrase réutilisable dans une introduction peut servir pour Montaigne ?";"Montaigne propose une réflexion personnelle et ouverte sur l’être humain.";"bac_francais auteurs auteur_montaigne"
"Quel lien faire avec un commentaire ?";"Une question chez Montaigne peut inviter à réfléchir plutôt qu’à répondre immédiatement.";"bac_francais auteurs auteur_montaigne"
"Quel siècle pour Camus ?";"XXe siècle";"bac_francais auteurs auteur_camus"
"Quel mouvement principal associer à Camus ?";"existentialisme";"bac_francais auteurs auteur_camus"
"Quels genres Camus pratique-t-il ?";"roman, essai, théâtre";"bac_francais auteurs auteur_camus"
"Quels thèmes reviennent souvent chez Camus ?";"absurde, liberté, révolte, responsabilité, condition humaine";"bac_francais auteurs auteur_camus"
"Comment décrire son style ?";"clair, sobre, engagé";"bac_francais auteurs auteur_camus"
"Quels procédés fréquents utiliser chez Camus ?";"questions, antithèse, champ lexical du doute, phrases nettes";"bac_francais auteurs auteur_camus"
"Quelles œuvres de Camus sont utiles à connaître ?";"L’Étranger, La Peste, Le Mythe de Sisyphe";"bac_francais auteurs auteur_camus"
"Quelle phrase courte et réutilisable peut présenter Camus ?";"Camus est un écrivain du XXe siècle qui interroge l’absurde et la responsabilité humaine.";"bac_francais auteurs auteur_camus"
"Quelle phrase réutilisable dans une introduction peut servir pour Camus ?";"Camus met en scène des personnages confrontés à l’absurde et au choix.";"bac_francais auteurs auteur_camus"
"Quel lien faire avec un commentaire ?";"Une antithèse chez Camus peut opposer l’absurde et la liberté.";"bac_francais auteurs auteur_camus"
"Quel siècle pour Apollinaire ?";"XXe siècle";"bac_francais auteurs auteur_apollinaire"
"Quel mouvement principal associer à Apollinaire ?";"modernité poétique";"bac_francais auteurs auteur_apollinaire"
"Quels genres Apollinaire pratique-t-il ?";"poésie";"bac_francais auteurs auteur_apollinaire"
"Quels thèmes reviennent souvent chez Apollinaire ?";"amour, ville, guerre, mémoire, modernité";"bac_francais auteurs auteur_apollinaire"
"Comment décrire son style ?";"inventif, libre, parfois très musical";"bac_francais auteurs auteur_apollinaire"
"Quels procédés fréquents utiliser chez Apollinaire ?";"images, calligrammes, répétitions, associations inattendues";"bac_francais auteurs auteur_apollinaire"
"Quelles œuvres de Apollinaire sont utiles à connaître ?";"Alcools, Calligrammes";"bac_francais auteurs auteur_apollinaire"
"Quelle phrase courte et réutilisable peut présenter Apollinaire ?";"Apollinaire renouvelle la poésie par une écriture moderne et très libre.";"bac_francais auteurs auteur_apollinaire"
"Quelle phrase réutilisable dans une introduction peut servir pour Apollinaire ?";"Apollinaire renouvelle la poésie en mêlant modernité, émotion et invention formelle.";"bac_francais auteurs auteur_apollinaire"
"Quel lien faire avec un commentaire ?";"Une image inattendue chez Apollinaire peut transformer une scène ordinaire en vision poétique.";"bac_francais auteurs auteur_apollinaire"
"Quel siècle pour Lagarce ?";"XXe siècle";"bac_francais auteurs auteur_lagarce"
"Quel mouvement principal associer à Lagarce ?";"théâtre contemporain";"bac_francais auteurs auteur_lagarce"
"Quels genres Lagarce pratique-t-il ?";"théâtre";"bac_francais auteurs auteur_lagarce"
"Quels thèmes reviennent souvent chez Lagarce ?";"famille, silence, parole, mémoire, malaise";"bac_francais auteurs auteur_lagarce"
"Comment décrire son style ?";"simple en apparence, très travaillé, marqué par les reprises";"bac_francais auteurs auteur_lagarce"
"Quels procédés fréquents utiliser chez Lagarce ?";"répétition, hésitation, reprise, interruption";"bac_francais auteurs auteur_lagarce"
"Quelles œuvres de Lagarce sont utiles à connaître ?";"Juste la fin du monde, Derniers remords avant l’oubli";"bac_francais auteurs auteur_lagarce"
"Quelle phrase courte et réutilisable peut présenter Lagarce ?";"Lagarce est un dramaturge contemporain qui met en scène la difficulté de dire et de se comprendre.";"bac_francais auteurs auteur_lagarce"
"Quelle phrase réutilisable dans une introduction peut servir pour Lagarce ?";"Lagarce met en valeur les silences, les reprises et les tensions familiales.";"bac_francais auteurs auteur_lagarce"
"Quel lien faire avec un commentaire ?";"Une répétition chez Lagarce peut montrer l’hésitation et le malaise.";"bac_francais auteurs auteur_lagarce"
"Quelle est la définition du registre lyrique ?";"exprime des sentiments personnels forts";"bac_francais registres registre_lyrique"
"Comment reconnaître le registre lyrique ?";"première personne, vocabulaire des émotions, ponctuation expressive";"bac_francais registres registre_lyrique"
"Quel effet produit le registre lyrique sur le lecteur ?";"créer une proximité avec le lecteur";"bac_francais registres registre_lyrique"
"Quel autre effet peut produire le registre lyrique ?";"faire partager une émotion";"bac_francais registres registre_lyrique"
"Quel exemple simple illustre le registre lyrique ?";"Je pleure dans le silence de la nuit.";"bac_francais registres registre_lyrique"
"Quelle phrase réutilisable associer au registre lyrique ?";"Le registre lyrique donne accès aux émotions du locuteur.";"bac_francais registres registre_lyrique"
"Quelle erreur fréquente éviter avec le registre lyrique ?";"dire seulement que le texte est triste";"bac_francais registres registre_lyrique"
"Mini-situation : un poème en “je” qui parle d’une douleur. Quel registre ?";"lyrique";"bac_francais registres registre_lyrique"
"Complète la phrase utile sur le registre lyrique.";"Le registre lyrique donne accès aux émotions du locuteur.";"bac_francais registres registre_lyrique"
"Dans un commentaire, que faut-il dire du registre lyrique ?";"Il crée une proximité émotionnelle.";"bac_francais registres registre_lyrique"
"À ne pas confondre avec le registre lyrique ?";"avec le simple romantisme";"bac_francais registres registre_lyrique"
"Quel indice de reconnaissance est important pour le registre lyrique ?";"moi, je, mon";"bac_francais registres registre_lyrique"
"Quelle est la définition du registre tragique ?";"montre l’impuissance de l’homme face au destin";"bac_francais registres registre_tragique"
"Comment reconnaître le registre tragique ?";"fatalité, choix impossible, souffrance, menace de mort";"bac_francais registres registre_tragique"
"Quel effet produit le registre tragique sur le lecteur ?";"susciter la pitié";"bac_francais registres registre_tragique"
"Quel autre effet peut produire le registre tragique ?";"faire sentir la tension du destin";"bac_francais registres registre_tragique"
"Quel exemple simple illustre le registre tragique ?";"Je ne puis échapper à mon destin.";"bac_francais registres registre_tragique"
"Quelle phrase réutilisable associer au registre tragique ?";"Le registre tragique met en valeur l’impuissance du personnage.";"bac_francais registres registre_tragique"
"Quelle erreur fréquente éviter avec le registre tragique ?";"le confondre avec une simple scène triste";"bac_francais registres registre_tragique"
"Mini-situation : un héros qui sait qu’il va perdre. Quel registre ?";"tragique";"bac_francais registres registre_tragique"
"Complète la phrase utile sur le registre tragique.";"Le registre tragique met en valeur l’impuissance du personnage.";"bac_francais registres registre_tragique"
"Dans un commentaire, que faut-il dire du registre tragique ?";"Il souligne la fatalité.";"bac_francais registres registre_tragique"
"À ne pas confondre avec le registre tragique ?";"avec le pathétique";"bac_francais registres registre_tragique"
"Quel indice de reconnaissance est important pour le registre tragique ?";"fatalité";"bac_francais registres registre_tragique"
"Quelle est la définition du registre polémique ?";"cherche à dénoncer et à défendre une idée avec force";"bac_francais registres registre_polemique"
"Comment reconnaître le registre polémique ?";"adressage direct, questions, exclamations, accusations";"bac_francais registres registre_polemique"
"Quel effet produit le registre polémique sur le lecteur ?";"faire réagir le lecteur";"bac_francais registres registre_polemique"
"Quel autre effet peut produire le registre polémique ?";"convaincre ou dénoncer";"bac_francais registres registre_polemique"
"Quel exemple simple illustre le registre polémique ?";"Il est scandaleux que cela continue.";"bac_francais registres registre_polemique"
"Quelle phrase réutilisable associer au registre polémique ?";"Le registre polémique donne au texte une force de dénonciation.";"bac_francais registres registre_polemique"
"Quelle erreur fréquente éviter avec le registre polémique ?";"le réduire à la colère";"bac_francais registres registre_polemique"
"Mini-situation : un texte qui attaque une injustice. Quel registre ?";"polémique";"bac_francais registres registre_polemique"
"Complète la phrase utile sur le registre polémique.";"Le registre polémique donne au texte une force de dénonciation.";"bac_francais registres registre_polemique"
"Dans un commentaire, que faut-il dire du registre polémique ?";"Il cherche à convaincre le lecteur.";"bac_francais registres registre_polemique"
"À ne pas confondre avec le registre polémique ?";"avec le simple débat";"bac_francais registres registre_polemique"
"Quel indice de reconnaissance est important pour le registre polémique ?";"verbes de jugement";"bac_francais registres registre_polemique"
"Quelle est la définition du registre ironique ?";"dit le contraire de ce qu’il pense pour critiquer";"bac_francais registres registre_ironique"
"Comment reconnaître le registre ironique ?";"décalage entre les mots et l’intention";"bac_francais registres registre_ironique"
"Quel effet produit le registre ironique sur le lecteur ?";"créer une distance critique";"bac_francais registres registre_ironique"
"Quel autre effet peut produire le registre ironique ?";"faire sourire ou dénoncer";"bac_francais registres registre_ironique"
"Quel exemple simple illustre le registre ironique ?";"Quel génie, vraiment !";"bac_francais registres registre_ironique"
"Quelle phrase réutilisable associer au registre ironique ?";"Le registre ironique crée un décalage qui permet la critique.";"bac_francais registres registre_ironique"
"Quelle erreur fréquente éviter avec le registre ironique ?";"le prendre au premier degré";"bac_francais registres registre_ironique"
"Mini-situation : un narrateur fait semblant d’admirer ce qu’il condamne. Quel registre ?";"ironique";"bac_francais registres registre_ironique"
"Complète la phrase utile sur le registre ironique.";"Le registre ironique crée un décalage qui permet la critique.";"bac_francais registres registre_ironique"
"Dans un commentaire, que faut-il dire du registre ironique ?";"Il permet une critique indirecte.";"bac_francais registres registre_ironique"
"À ne pas confondre avec le registre ironique ?";"avec un éloge sincère";"bac_francais registres registre_ironique"
"Quel indice de reconnaissance est important pour le registre ironique ?";"décalage";"bac_francais registres registre_ironique"
"Phrase utile pour présenter l’auteur";"[Auteur] est un écrivain du [siècle] souvent associé à [mouvement].";"bac_francais phrases introduction"
"Phrase utile pour présenter le mouvement";"[Auteur] est connu pour une écriture qui met en valeur [thème].";"bac_francais phrases introduction"
"Phrase utile pour présenter l’extrait";"Dans ses textes, [auteur] s'intéresse souvent à [thème ou enjeu].";"bac_francais phrases introduction"
"Phrase utile pour amener l’enjeu";"[Auteur] utilise fréquemment [genre] pour interroger [idée].";"bac_francais phrases introduction"
"Phrase utile pour passer à la problématique";"Ce texte peut être rattaché à [mouvement], mouvement qui valorise [idée].";"bac_francais phrases introduction"
"Phrase à retenir pour l’introduction";"Le passage s'inscrit dans [mouvement], qui cherche à [objectif du mouvement].";"bac_francais phrases introduction"
"Phrase utile pour présenter l’auteur";"On retrouve ici une caractéristique de [mouvement] : [idée].";"bac_francais phrases introduction"
"Phrase utile pour présenter le mouvement";"Dans cet extrait, [auteur] met en scène [situation].";"bac_francais phrases introduction"
"Phrase utile pour présenter l’extrait";"Ce passage présente [personnage, scène ou idée principale].";"bac_francais phrases introduction"
"Phrase utile pour amener l’enjeu";"Le texte donne à voir [élément important] tout en suggérant [interprétation].";"bac_francais phrases introduction"
"Phrase utile pour passer à la problématique";"L'extrait repose sur [opposition, description, dialogue, réflexion].";"bac_francais phrases introduction"
"Phrase à retenir pour l’introduction";"Le passage ne se contente pas de raconter [situation] : il montre aussi [enjeu].";"bac_francais phrases introduction"
"Formule générale de problématique";"Comment [auteur] met-il en valeur [idée principale] ?";"bac_francais phrases problematique"
"Problématique pour un texte argumentatif";"En quoi ce passage montre-t-il [enjeu du texte] ?";"bac_francais phrases problematique"
"Problématique pour un texte poétique";"Comment le texte transforme-t-il [situation] en [interprétation] ?";"bac_francais phrases problematique"
"Problématique pour un texte théâtral";"En quoi l'écriture de [auteur] permet-elle de faire ressentir [effet] ?";"bac_francais phrases problematique"
"Problématique pour un récit";"Comment l'auteur cherche-t-il à convaincre le lecteur de [idée] ?";"bac_francais phrases problematique"
"Question à éviter";"En quoi ce texte constitue-t-il une critique de [cible] ?";"bac_francais phrases problematique"
"Complète la formule de problématique";"Comment le texte dénonce-t-il [injustice, défaut ou situation] ?";"bac_francais phrases problematique"
"Formule utile avec “comment”";"Par quels procédés l'auteur rend-il son argumentation plus efficace ?";"bac_francais phrases problematique"
"Formule utile avec “en quoi”";"Comment le poète exprime-t-il [sentiment] à travers [image ou thème] ?";"bac_francais phrases problematique"
"Phrase à retenir";"En quoi ce poème transforme-t-il [élément réel] en expérience poétique ?";"bac_francais phrases problematique"
"Plan en deux axes";"Nous verrons d'abord [axe 1], puis nous étudierons [axe 2].";"bac_francais phrases annonce_plan"
"Plan en trois axes";"Dans un premier temps, nous montrerons que [axe 1]. Nous verrons ensuite que [axe 2].";"bac_francais phrases annonce_plan"
"Annonce plus fluide";"L'analyse montrera d'abord [axe 1], avant de mettre en évidence [axe 2].";"bac_francais phrases annonce_plan"
"Pour annoncer un axe";"Il s'agira d'abord d'étudier [axe 1], puis de comprendre comment [axe 2].";"bac_francais phrases annonce_plan"
"Phrase à adapter en priorité";"Nous verrons d'abord [axe 1], puis [axe 2], avant d'étudier [axe 3].";"bac_francais phrases annonce_plan"
"Formule courte pour l’annonce";"Dans un premier temps, le texte présente [axe 1]. Il met ensuite en valeur [axe 2], puis révèle [axe 3].";"bac_francais phrases annonce_plan"
"Formule de transition vers le plan";"L'analyse suivra une progression : [axe 1], puis [axe 2], enfin [axe 3].";"bac_francais phrases annonce_plan"
"Comment introduire le premier axe";"Le texte progresse donc d'une description vers [interprétation plus profonde].";"bac_francais phrases annonce_plan"
"Comment annoncer le deuxième axe";"Le passage conduit le lecteur de [point de départ] à [point d'arrivée].";"bac_francais phrases annonce_plan"
"Comment conclure l’annonce";"L'extrait construit d'abord [idée], avant de faire apparaître [idée plus profonde].";"bac_francais phrases annonce_plan"
"Introduire une citation";"On le voit dans l'expression ""[citation]"".";"bac_francais phrases analyse"
"Nommer un procédé";"Cette idée apparaît dans les mots ""[citation]"".";"bac_francais phrases analyse"
"Relier procédé et effet";"Le passage insiste sur cette idée avec ""[citation]"".";"bac_francais phrases analyse"
"Interpréter";"La citation ""[citation]"" permet de comprendre [idée].";"bac_francais phrases analyse"
"Analyser une opposition";"L'auteur utilise ici [procédé].";"bac_francais phrases analyse"
"Analyser une image";"Ce passage repose sur [procédé].";"bac_francais phrases analyse"
"Commenter un champ lexical";"On remarque l'emploi de [procédé].";"bac_francais phrases analyse"
"Commenter le rythme";"Le choix de [procédé] attire l'attention sur [idée].";"bac_francais phrases analyse"
"Commenter la ponctuation";"Le texte s'appuie sur [procédé] pour faire ressortir [idée].";"bac_francais phrases analyse"
"Commenter le registre";"[Procédé] permet ici de mettre en avant [idée].";"bac_francais phrases analyse"
"Commenter la progression du texte";"Ce procédé met en valeur [idée].";"bac_francais phrases analyse"
"Commenter l’effet sur le lecteur";"Ce choix d'écriture crée un effet de [effet].";"bac_francais phrases analyse"
"Conclure un paragraphe";"L'auteur donne ainsi au lecteur l'impression que [idée].";"bac_francais phrases analyse"
"Phrase à adapter en priorité";"Cette formulation renforce [idée].";"bac_francais phrases analyse"
"Transition entre deux axes";"Après avoir montré que [axe 1], il faut maintenant étudier [axe 2].";"bac_francais phrases transition"
"Transition dans un paragraphe";"Si le texte met d'abord en valeur [axe 1], il révèle aussi [axe 2].";"bac_francais phrases transition"
"Transition vers une interprétation plus profonde";"Cette première analyse montre [bilan axe 1]. Cependant, le passage va plus loin en [axe 2].";"bac_francais phrases transition"
"Transition vers la conclusion";"Le texte ne se limite pas à [axe 1] : il permet aussi de comprendre [axe 2].";"bac_francais phrases transition"
"Phrase à adapter en priorité";"Cette idée se retrouve également dans [deuxième citation].";"bac_francais phrases transition"
"Formule courte de transition";"Le même effet apparaît avec [procédé].";"bac_francais phrases transition"
"Lien avec l’axe suivant";"Un autre élément confirme cette interprétation.";"bac_francais phrases transition"
"Bilan intermédiaire";"Cette impression est renforcée par [procédé ou citation].";"bac_francais phrases transition"
"Phrase pour reprendre un argument";"Le texte progresse donc d'une description vers une véritable interprétation de [enjeu].";"bac_francais phrases transition"
"Phrase pour ouvrir sur la suite";"Cette scène prend alors une dimension plus [adjectif].";"bac_francais phrases transition"
"Faire le bilan";"Ainsi, le texte montre que [réponse à la problématique].";"bac_francais phrases conclusion"
"Répondre à la problématique";"L'analyse a permis de mettre en évidence [idée principale].";"bac_francais phrases conclusion"
"Rappeler les axes";"Ce passage repose donc sur [élément fort] pour faire comprendre [interprétation].";"bac_francais phrases conclusion"
"Ouvrir simplement";"Les procédés étudiés montrent que [bilan].";"bac_francais phrases conclusion"
"Dernière phrase possible";"On peut donc répondre que [auteur] parvient à [effet] grâce à [procédés ou axes].";"bac_francais phrases conclusion"
"Phrase à adapter en priorité";"Le texte transforme ainsi [situation] en [interprétation].";"bac_francais phrases conclusion"
"Formule pour conclure";"L'auteur donne au lecteur une impression de [effet], tout en montrant [idée].";"bac_francais phrases conclusion"
"Phrase de bilan";"Le passage révèle finalement [réponse claire].";"bac_francais phrases conclusion"
"Phrase de réponse";"Le texte suscite d'abord [axe 1], puis révèle [axe 2].";"bac_francais phrases conclusion"
"Phrase d’ouverture";"Après avoir présenté [axe 1], le passage met en évidence [axe 2].";"bac_francais phrases conclusion"
"Effet d’insistance";"Ce procédé insiste sur [idée].";"bac_francais phrases effets_produits"
"Effet d’émotion";"La répétition met en valeur [élément important].";"bac_francais phrases effets_produits"
"Effet de dramatisation";"L'auteur souligne ainsi l'importance de [idée].";"bac_francais phrases effets_produits"
"Effet de contraste";"Cet effet d'insistance rend [idée] plus visible pour le lecteur.";"bac_francais phrases effets_produits"
"Effet de réalisme";"L'idée revient avec force, comme si le texte voulait empêcher le lecteur de l'oublier.";"bac_francais phrases effets_produits"
"Effet de critique";"Cette insistance donne plus de poids à [idée].";"bac_francais phrases effets_produits"
"Effet de mouvement";"Le lecteur ressent alors [émotion].";"bac_francais phrases effets_produits"
"Effet d’atmosphère";"Cette formulation crée une impression de [émotion].";"bac_francais phrases effets_produits"
"Effet d’une métaphore";"L'auteur cherche à susciter [émotion] chez le lecteur.";"bac_francais phrases effets_produits"
"Effet d’un champ lexical";"Le passage devient plus touchant car [explication].";"bac_francais phrases effets_produits"
"Effet du rythme";"La scène touche le lecteur parce qu'elle rend visible [souffrance, solitude, espoir].";"bac_francais phrases effets_produits"
"Effet de la ponctuation";"Cette écriture crée une proximité avec [personnage ou locuteur].";"bac_francais phrases effets_produits"
"Effet du registre";"Ce choix d'écriture rend la scène plus intense.";"bac_francais phrases effets_produits"
"Effet sur le lecteur";"L'hyperbole accentue la violence de [situation].";"bac_francais phrases effets_produits"
"Qu’est-ce que paraphrase ?";"raconter ou reformuler sans analyser";"bac_francais erreurs erreur_paraphrase"
"Quel signe montre paraphrase ?";"tu répètes le texte sans expliquer";"bac_francais erreurs erreur_paraphrase"
"Quelle correction appliquer ?";"ajouter procédé, effet et interprétation";"bac_francais erreurs erreur_paraphrase"
"Mini-situation : tu résumes l’action au lieu de commenter. Quelle erreur reconnaît-on ?";"paraphrase";"bac_francais erreurs erreur_paraphrase"
"Comment l’éviter ?";"partir d’une idée, pas du récit";"bac_francais erreurs erreur_paraphrase"
"Phrase de secours à retenir.";"Ce passage montre que...";"bac_francais erreurs erreur_paraphrase"
"Que faut-il faire concrètement ?";"relier chaque citation à une idée d’axe";"bac_francais erreurs erreur_paraphrase"
"Qu’est-ce qu’il faut éviter ?";"recopier le sens sans le dépasser";"bac_francais erreurs erreur_paraphrase"
"Qu’est-ce que absence de problématique ?";"écrire sans vraie question directrice";"bac_francais erreurs erreur_pas_de_problematique"
"Quel signe montre absence de problématique ?";"l’introduction reste vague";"bac_francais erreurs erreur_pas_de_problematique"
"Quelle correction appliquer ?";"formuler une question simple et précise";"bac_francais erreurs erreur_pas_de_problematique"
"Mini-situation : tu commences à écrire sans direction claire. Quelle erreur reconnaît-on ?";"absence de problématique";"bac_francais erreurs erreur_pas_de_problematique"
"Comment l’éviter ?";"chercher l’enjeu principal du texte";"bac_francais erreurs erreur_pas_de_problematique"
"Phrase de secours à retenir.";"Comment [auteur] met-il en valeur [idée] ?";"bac_francais erreurs erreur_pas_de_problematique"
"Que faut-il faire concrètement ?";"faire répondre le plan à la question";"bac_francais erreurs erreur_pas_de_problematique"
"Qu’est-ce qu’il faut éviter ?";"laisser une problématique trop générale";"bac_francais erreurs erreur_pas_de_problematique"
"Qu’est-ce que axes trop vagues ?";"axes qui décrivent sans interpréter";"bac_francais erreurs erreur_axes_vagues"
"Quel signe montre axes trop vagues ?";"l’axe dit seulement “la description” ou “le personnage”";"bac_francais erreurs erreur_axes_vagues"
"Quelle correction appliquer ?";"transformer l’observation en idée";"bac_francais erreurs erreur_axes_vagues"
"Mini-situation : ton axe répète le thème sans le montrer autrement. Quelle erreur reconnaît-on ?";"axes trop vagues";"bac_francais erreurs erreur_axes_vagues"
"Comment l’éviter ?";"ajouter un verbe d’interprétation";"bac_francais erreurs erreur_axes_vagues"
"Phrase de secours à retenir.";"Le texte montre que...";"bac_francais erreurs erreur_axes_vagues"
"Que faut-il faire concrètement ?";"annoncer une idée qui répond à la problématique";"bac_francais erreurs erreur_axes_vagues"
"Qu’est-ce qu’il faut éviter ?";"faire un axe qui ne prouve rien";"bac_francais erreurs erreur_axes_vagues"
"Qu’est-ce que citations trop longues ?";"recopier de gros morceaux du texte";"bac_francais erreurs erreur_citations_trop_longues"
"Quel signe montre citations trop longues ?";"la citation prend trop de place";"bac_francais erreurs erreur_citations_trop_longues"
"Quelle correction appliquer ?";"garder seulement les mots utiles";"bac_francais erreurs erreur_citations_trop_longues"
"Mini-situation : tu copies trois lignes complètes. Quelle erreur reconnaît-on ?";"citations trop longues";"bac_francais erreurs erreur_citations_trop_longues"
"Comment l’éviter ?";"prélever une citation courte et précise";"bac_francais erreurs erreur_citations_trop_longues"
"Phrase de secours à retenir.";"Dans “[citation]”, l’auteur utilise...";"bac_francais erreurs erreur_citations_trop_longues"
"Que faut-il faire concrètement ?";"choisir une citation qui prouve une idée";"bac_francais erreurs erreur_citations_trop_longues"
"Qu’est-ce qu’il faut éviter ?";"surcharger le paragraphe";"bac_francais erreurs erreur_citations_trop_longues"
"Qu’est-ce que citation non analysée ?";"citer sans expliquer l’effet";"bac_francais erreurs erreur_pas_danalyse"
"Quel signe montre citation non analysée ?";"la phrase s’arrête après la citation";"bac_francais erreurs erreur_pas_danalyse"
"Quelle correction appliquer ?";"expliquer le procédé et le sens";"bac_francais erreurs erreur_pas_danalyse"
"Mini-situation : tu cites puis tu passes à autre chose. Quelle erreur reconnaît-on ?";"citation non analysée";"bac_francais erreurs erreur_pas_danalyse"
"Comment l’éviter ?";"suivre procédé -> effet -> interprétation";"bac_francais erreurs erreur_pas_danalyse"
"Phrase de secours à retenir.";"Ce procédé met en valeur...";"bac_francais erreurs erreur_pas_danalyse"
"Que faut-il faire concrètement ?";"faire apparaître le sens du choix d’écriture";"bac_francais erreurs erreur_pas_danalyse"
"Qu’est-ce qu’il faut éviter ?";"laisser la citation seule";"bac_francais erreurs erreur_pas_danalyse"
"Qu’est-ce que temps mal géré ?";"ne pas répartir correctement les 4 heures";"bac_francais erreurs erreur_temps_mal_gere"
"Quel signe montre temps mal géré ?";"l’introduction prend trop de temps";"bac_francais erreurs erreur_temps_mal_gere"
"Quelle correction appliquer ?";"s’en tenir au découpage prévu";"bac_francais erreurs erreur_temps_mal_gere"
"Mini-situation : tu rédiges trop tôt sans plan. Quelle erreur reconnaît-on ?";"temps mal géré";"bac_francais erreurs erreur_temps_mal_gere"
"Comment l’éviter ?";"suivre une répartition simple";"bac_francais erreurs erreur_temps_mal_gere"
"Phrase de secours à retenir.";"20-20-40-10";"bac_francais erreurs erreur_temps_mal_gere"
"Que faut-il faire concrètement ?";"avancer vers une copie complète";"bac_francais erreurs erreur_temps_mal_gere"
"Qu’est-ce qu’il faut éviter ?";"bloquer une heure sur un détail";"bac_francais erreurs erreur_temps_mal_gere"
"Qu’est-ce que absence de relecture ?";"rendre la copie sans correction finale";"bac_francais erreurs erreur_pas_de_relecture"
"Quel signe montre absence de relecture ?";"des fautes visibles restent partout";"bac_francais erreurs erreur_pas_de_relecture"
"Quelle correction appliquer ?";"réserver 10 à 15 minutes pour vérifier";"bac_francais erreurs erreur_pas_de_relecture"
"Mini-situation : tu rends la copie sans te relire. Quelle erreur reconnaît-on ?";"absence de relecture";"bac_francais erreurs erreur_pas_de_relecture"
"Comment l’éviter ?";"avoir une checklist simple";"bac_francais erreurs erreur_pas_de_relecture"
"Phrase de secours à retenir.";"Procédé -> effet -> interprétation";"bac_francais erreurs erreur_pas_de_relecture"
"Que faut-il faire concrètement ?";"corriger les fautes visibles et les oublis";"bac_francais erreurs erreur_pas_de_relecture"
"Qu’est-ce qu’il faut éviter ?";"relire au hasard";"bac_francais erreurs erreur_pas_de_relecture"
"Qu’est-ce que stress du jour J ?";"se précipiter et perdre la méthode";"bac_francais erreurs erreur_stress_jour_j"
"Quel signe montre stress du jour J ?";"tu veux écrire tout de suite";"bac_francais erreurs erreur_stress_jour_j"
"Quelle correction appliquer ?";"respirer, lire, planifier, puis rédiger";"bac_francais erreurs erreur_stress_jour_j"
"Mini-situation : tu paniques à cause d’un texte difficile. Quelle erreur reconnaît-on ?";"stress du jour J";"bac_francais erreurs erreur_stress_jour_j"
"Comment l’éviter ?";"garder une routine simple";"bac_francais erreurs erreur_stress_jour_j"
"Phrase de secours à retenir.";"Lire, repérer, planifier, écrire, relire";"bac_francais erreurs erreur_stress_jour_j"
"Que faut-il faire concrètement ?";"faire les étapes dans l’ordre";"bac_francais erreurs erreur_stress_jour_j"
"Qu’est-ce qu’il faut éviter ?";"confondre vitesse et précipitation";"bac_francais erreurs erreur_stress_jour_j"
